id	раздел	поле	EN	было	стало	почему	важность
id_018	Идиомы	перевод	on the same page	понимать друг друга одинаково	быть на одной волне, понимать друг друга	«понимать друг друга одинаково» — неестественно	важно
id_025	Идиомы	перевод	a blessing in disguise	к счастью замаскированное	не было бы счастья, да несчастье помогло	буквальный перевод; «нет худа без добра» уже занято за id_055	критично
id_037	Идиомы	перевод	ring a bell	смутно знакомить	казаться знакомым, что-то напоминать	«смутно знакомить» — ошибка: знакомить = представлять людей	критично
id_042	Идиомы	перевод	through thick and thin	в любые времена	несмотря ни на что, и в горе, и в радости	«в любые времена» не передаёт верность в трудностях	важно
id_045	Идиомы	перевод	walk on eggshells	ходить по яйцам, осторожничать	ходить на цыпочках, быть очень осторожным	калька «ходить по яйцам»	важно
id_048	Идиомы	перевод	zero tolerance	нулевая терпимость	никаких поблажек (нулевая терпимость)	калька без пояснения	мелочь
id_058	Идиомы	перевод	the best of both worlds	лучшее из двух миров	и то и другое сразу, все плюсы сразу	калька «лучшее из двух миров»	важно
id_063	Идиомы	перевод	foot the bill	оплачивать счёт	взять расходы на себя, раскошелиться	смысл — оплатить чужие или общие расходы, а не просто счёт	важно
id_065	Идиомы	перевод	keep a straight face	держать серьёзное лицо	сохранять серьёзный вид, не рассмеяться	калька «держать серьёзное лицо»	важно
id_068	Идиомы	перевод	touch base	связаться коротко	созвониться, коротко свериться	«связаться коротко» — неестественно	важно
id_079	Идиомы	перевод	born with a silver spoon	родиться в рубашке (богатым)	родиться в богатой семье, с золотой ложкой во рту	«родиться в рубашке» значит «везучий», а не «богатый»	критично
id_084	Идиомы	перевод	golden handshake	золотое прощальное пособие	«золотой парашют», щедрая выплата при увольнении	в русском устоялось «золотой парашют»	важно
id_087	Идиомы	перевод	blow one's top	взорваться, потерять голову	вспылить, взорваться	«потерять голову» — это влюбиться или растеряться	важно
id_091	Идиомы	перевод	on cloud nine	безумно счастлив	вне себя от счастья, в полном восторге	«безумно счастлив» — мужской род в реплике ученика	важно
id_094	Идиомы	перевод	torn apart	разбитый горем, разорванный	раздавлен горем, места себе не находить	«разорванный» — бессмысленная калька	важно
id_099	Идиомы	перевод	butterflies in your stomach	мандраж, «мурашки» от волнения	бабочки в животе, мандраж	мурашки — это goosebumps, другое	критично
id_100	Идиомы	перевод	heart sinks	сердце падает	сердце упало, ёкнуло	«сердце падает» — неестественно	важно
col_162	Коллокации	перевод	address an issue	разобрать вопрос	заняться вопросом, решать проблему	address an issue — заняться, а не «разобрать»	важно
col_163	Коллокации	перевод	highlight a problem	подчеркнуть проблему	обратить внимание на проблему	калька «подчеркнуть проблему»	важно
col_166	Коллокации	перевод	alleviate poverty	смягчить бедность	сократить бедность	«смягчить бедность» — калька	важно
col_188	Коллокации	перевод	bridge the gap	восполнить разрыв	сократить разрыв, преодолеть разрыв	«восполнить разрыв» — смешение с «восполнить пробел»	важно
col_193	Коллокации	перевод	drive growth	двигать рост	стимулировать рост	«двигать рост» — калька	важно
